<BackupInst xmlns="http://www.microsoft.com/GroupPolicy/GPOOperations/Manifest"><GPOGuid><![CDATA[{4D8749A4-5892-4528-A3ED-5C3634F27069}]]></GPOGuid><GPODomain><![CDATA[sevenkingdoms.local]]></GPODomain><GPODomainGuid><![CDATA[{ad9c0cb2-dc2d-4be8-9bd1-b2fe6d5ca3f0}]]></GPODomainGuid><GPODomainController><![CDATA[kingslanding.sevenkingdoms.local]]></GPODomainController><BackupTime><![CDATA[2025-03-19T01:02:28]]></BackupTime><ID><![CDATA[{F0203CB7-7634-4AE6-915D-86774581D85B}]]></ID><Comment><![CDATA[]]></Comment><GPODisplayName><![CDATA[NTLM Relay Attack]]></GPODisplayName></BackupInst>
