<?xml version="1.0" encoding="utf-8"?><!-- Copyright (c) Microsoft Corporation.  All rights reserved. --><GroupPolicyBackupScheme bkp:version="2.0" bkp:type="GroupPolicyBackupTemplate" xmlns:bkp="http://www.microsoft.com/GroupPolicy/GPOOperations" xmlns="http://www.microsoft.com/GroupPolicy/GPOOperations">
    <GroupPolicyObject><SecurityGroups><Group bkp:Source="FromDACL"><Sid><![CDATA[S-1-5-21-1929079627-3951207016-2170339687-1000]]></Sid><SamAccountName><![CDATA[vagrant]]></SamAccountName><Type><![CDATA[User]]></Type><NetBIOSDomainName><![CDATA[SEVENKINGDOMS]]></NetBIOSDomainName><DnsDomainName><![CDATA[sevenkingdoms.local]]></DnsDomainName><UPN><![CDATA[vagrant@sevenkingdoms.local]]></UPN></Group><Group bkp:Source="FromDACL"><Sid><![CDATA[S-1-5-21-1929079627-3951207016-2170339687-519]]></Sid><SamAccountName><![CDATA[Enterprise Admins]]></SamAccountName><Type><![CDATA[UniversalGroup]]></Type><NetBIOSDomainName><![CDATA[SEVENKINGDOMS]]></NetBIOSDomainName><DnsDomainName><![CDATA[sevenkingdoms.local]]></DnsDomainName><UPN><![CDATA[Enterprise Admins@sevenkingdoms.local]]></UPN></Group><Group bkp:Source="FromDACL"><Sid><![CDATA[S-1-5-21-1929079627-3951207016-2170339687-512]]></Sid><SamAccountName><![CDATA[Domain Admins]]></SamAccountName><Type><![CDATA[GlobalGroup]]></Type><NetBIOSDomainName><![CDATA[SEVENKINGDOMS]]></NetBIOSDomainName><DnsDomainName><![CDATA[sevenkingdoms.local]]></DnsDomainName><UPN><![CDATA[Domain Admins@sevenkingdoms.local]]></UPN></Group></SecurityGroups><FilePaths/><GroupPolicyCoreSettings><ID><![CDATA[{F4B272E6-302C-4208-A878-E85F1EA7A1A9}]]></ID><Domain><![CDATA[sevenkingdoms.local]]></Domain><SecurityDescriptor>01 00 04 9c 00 00 00 00 00 00 00 00 00 00 00 00 14 00 00 00 04 00 ec 00 08 00 00 00 05 02 28 00 00 01 00 00 01 00 00 00 8f fd ac ed b3 ff d1 11 b4 1d 00 a0 c9 68 f9 39 01 01 00 00 00 00 00 05 0b 00 00 00 00 00 24 00 ff 00 0f 00 01 05 00 00 00 00 00 05 15 00 00 00 4b 6b fb 72 68 a2 82 eb 67 c1 5c 81 e8 03 00 00 00 02 24 00 ff 00 0f 00 01 05 00 00 00 00 00 05 15 00 00 00 4b 6b fb 72 68 a2 82 eb 67 c1 5c 81 00 02 00 00 00 02 24 00 ff 00 0f 00 01 05 00 00 00 00 00 05 15 00 00 00 4b 6b fb 72 68 a2 82 eb 67 c1 5c 81 07 02 00 00 00 02 14 00 94 00 02 00 01 01 00 00 00 00 00 05 09 00 00 00 00 02 14 00 94 00 02 00 01 01 00 00 00 00 00 05 0b 00 00 00 00 02 14 00 ff 00 0f 00 01 01 00 00 00 00 00 05 12 00 00 00 00 0a 14 00 ff 00 0f 00 01 01 00 00 00 00 00 03 00 00 00 00</SecurityDescriptor><DisplayName><![CDATA[LLMNR_NBT-NS Poisoning and SMB Relay]]></DisplayName><Options><![CDATA[0]]></Options><UserVersionNumber><![CDATA[0]]></UserVersionNumber><MachineVersionNumber><![CDATA[393222]]></MachineVersionNumber><MachineExtensionGuids><![CDATA[[{00000000-0000-0000-0000-000000000000}{BEE07A6A-EC9F-4659-B8C9-0B1937907C83}][{35378EAC-683F-11D2-A89A-00C04FBBCFA2}{D02B1F72-3407-48AE-BA88-E8213C6761F1}][{B087BE9D-ED37-454F-AF9C-04291E351182}{BEE07A6A-EC9F-4659-B8C9-0B1937907C83}]]]></MachineExtensionGuids><UserExtensionGuids/><WMIFilter/></GroupPolicyCoreSettings> 
        <GroupPolicyExtension bkp:ID="{35378EAC-683F-11D2-A89A-00C04FBBCFA2}" bkp:DescName="Registry">
            <FSObjectFile bkp:Path="%GPO_MACH_FSPATH%\registry.pol" bkp:SourceExpandedPath="\\kingslanding.sevenkingdoms.local\sysvol\sevenkingdoms.local\Policies\{F4B272E6-302C-4208-A878-E85F1EA7A1A9}\Machine\registry.pol" bkp:Location="DomainSysvol\GPO\Machine\registry.pol"/>
            
            <FSObjectFile bkp:Path="%GPO_FSPATH%\Adm\*.*" bkp:SourceExpandedPath="\\kingslanding.sevenkingdoms.local\sysvol\sevenkingdoms.local\Policies\{F4B272E6-302C-4208-A878-E85F1EA7A1A9}\Adm\*.*"/>
        </GroupPolicyExtension>
        
        
        
        
        
        
        
        
        
    <GroupPolicyExtension bkp:ID="{F15C46CD-82A0-4C2D-A210-5D0D3182A418}" bkp:DescName="Unknown Extension"><FSObjectFile bkp:Path="%GPO_MACH_FSPATH%\comment.cmtx" bkp:SourceExpandedPath="\\kingslanding.sevenkingdoms.local\sysvol\sevenkingdoms.local\Policies\{F4B272E6-302C-4208-A878-E85F1EA7A1A9}\Machine\comment.cmtx" bkp:Location="DomainSysvol\GPO\Machine\comment.cmtx"/><FSObjectDir bkp:Path="%GPO_MACH_FSPATH%\Preferences" bkp:SourceExpandedPath="\\kingslanding.sevenkingdoms.local\sysvol\sevenkingdoms.local\Policies\{F4B272E6-302C-4208-A878-E85F1EA7A1A9}\Machine\Preferences" bkp:Location="DomainSysvol\GPO\Machine\Preferences"/><FSObjectDir bkp:Path="%GPO_MACH_FSPATH%\Preferences\Registry" bkp:SourceExpandedPath="\\kingslanding.sevenkingdoms.local\sysvol\sevenkingdoms.local\Policies\{F4B272E6-302C-4208-A878-E85F1EA7A1A9}\Machine\Preferences\Registry" bkp:Location="DomainSysvol\GPO\Machine\Preferences\Registry"/><FSObjectFile bkp:Path="%GPO_MACH_FSPATH%\Preferences\Registry\Registry.xml" bkp:SourceExpandedPath="\\kingslanding.sevenkingdoms.local\sysvol\sevenkingdoms.local\Policies\{F4B272E6-302C-4208-A878-E85F1EA7A1A9}\Machine\Preferences\Registry\Registry.xml" bkp:Location="DomainSysvol\GPO\Machine\Preferences\Registry\Registry.xml"/></GroupPolicyExtension></GroupPolicyObject>
</GroupPolicyBackupScheme>