<BackupInst xmlns="http://www.microsoft.com/GroupPolicy/GPOOperations/Manifest"><GPOGuid><![CDATA[{F4B272E6-302C-4208-A878-E85F1EA7A1A9}]]></GPOGuid><GPODomain><![CDATA[sevenkingdoms.local]]></GPODomain><GPODomainGuid><![CDATA[{ad9c0cb2-dc2d-4be8-9bd1-b2fe6d5ca3f0}]]></GPODomainGuid><GPODomainController><![CDATA[kingslanding.sevenkingdoms.local]]></GPODomainController><BackupTime><![CDATA[2025-03-19T01:02:52]]></BackupTime><ID><![CDATA[{F8EE0F2D-FA94-4B95-88A3-77B4C147D463}]]></ID><Comment><![CDATA[]]></Comment><GPODisplayName><![CDATA[LLMNR_NBT-NS Poisoning and SMB Relay]]></GPODisplayName></BackupInst>
