<BackupInst xmlns="http://www.microsoft.com/GroupPolicy/GPOOperations/Manifest"><GPOGuid><![CDATA[{88865FA7-897E-453C-96CC-0B5D34F77601}]]></GPOGuid><GPODomain><![CDATA[sevenkingdoms.local]]></GPODomain><GPODomainGuid><![CDATA[{ad9c0cb2-dc2d-4be8-9bd1-b2fe6d5ca3f0}]]></GPODomainGuid><GPODomainController><![CDATA[kingslanding.sevenkingdoms.local]]></GPODomainController><BackupTime><![CDATA[2025-03-19T01:03:19]]></BackupTime><ID><![CDATA[{58E157D2-818F-4C82-A361-DF648C8C46E1}]]></ID><Comment><![CDATA[]]></Comment><GPODisplayName><![CDATA[Disable SMBv1]]></GPODisplayName></BackupInst>
