<?xml version="1.0" encoding="utf-8"?>
<RegistrySettings clsid="{A3CCFC41-DFDB-43a5-8D26-0FE8B954DA51}"><Registry clsid="{9CD4B2F4-923D-47f5-A062-E897DD1DAD50}" name="Start" status="Start" image="12" changed="2025-02-14 14:14:53" uid="{5E1F927A-F721-448E-80D4-ED831B247701}"><Properties action="U" displayDecimal="0" default="0" hive="HKEY_LOCAL_MACHINE" key="SYSTEM\CurrentControlSet\Services\mrxsmb10" name="Start" type="REG_DWORD" value="00000004"/></Registry>
	<Registry clsid="{9CD4B2F4-923D-47f5-A062-E897DD1DAD50}" name="SMB1" status="SMB1" image="10" changed="2025-02-14 14:15:26" uid="{6DA36A98-35CA-4F01-BCBA-BC51F2D62208}"><Properties action="C" displayDecimal="1" default="0" hive="HKEY_LOCAL_MACHINE" key="SYSTEM\CurrentControlSet\Services\LanmanServer\Parameters" name="SMB1" type="REG_DWORD" value="00000000"/></Registry>
	<Registry clsid="{9CD4B2F4-923D-47f5-A062-E897DD1DAD50}" name="DependOnService" status="DependOnService" image="6" changed="2025-02-14 14:16:12" uid="{E52788A8-C4B4-40DF-80C8-BFB221F8C1D0}"><Properties action="R" displayDecimal="0" default="0" hive="HKEY_LOCAL_MACHINE" key="SYSTEM\CurrentControlSet\Services\LanmanWorkstation" name="DependOnService" type="REG_MULTI_SZ" value="Bowser MRxSmb20 NSI"><Values><Value>Bowser</Value><Value>MRxSmb20</Value><Value>NSI</Value></Values></Properties></Registry>
</RegistrySettings>
