<BackupInst xmlns="http://www.microsoft.com/GroupPolicy/GPOOperations/Manifest"><GPOGuid><![CDATA[{60708111-10A1-4942-A313-03FB62636249}]]></GPOGuid><GPODomain><![CDATA[sevenkingdoms.local]]></GPODomain><GPODomainGuid><![CDATA[{ad9c0cb2-dc2d-4be8-9bd1-b2fe6d5ca3f0}]]></GPODomainGuid><GPODomainController><![CDATA[kingslanding.sevenkingdoms.local]]></GPODomainController><BackupTime><![CDATA[2025-03-19T01:03:08]]></BackupTime><ID><![CDATA[{70127A4E-6657-4AD1-904D-1EB69779E1F8}]]></ID><Comment><![CDATA[]]></Comment><GPODisplayName><![CDATA[Enable AES Encruption Kerberos]]></GPODisplayName></BackupInst>
