<?xml version="1.0" encoding="utf-8"?><!-- Copyright (c) Microsoft Corporation.  All rights reserved. --><GroupPolicyBackupScheme bkp:version="2.0" bkp:type="GroupPolicyBackupTemplate" xmlns:bkp="http://www.microsoft.com/GroupPolicy/GPOOperations" xmlns="http://www.microsoft.com/GroupPolicy/GPOOperations">
    <GroupPolicyObject><SecurityGroups><Group><Sid/><SamAccountName><![CDATA[Everyone]]></SamAccountName><Type><![CDATA[Unknown]]></Type><NetBIOSDomainName/><DnsDomainName/><UPN/></Group><Group><Sid/><SamAccountName><![CDATA[Guests]]></SamAccountName><Type><![CDATA[Unknown]]></Type><NetBIOSDomainName/><DnsDomainName/><UPN/></Group><Group><Sid/><SamAccountName><![CDATA[Administrators]]></SamAccountName><Type><![CDATA[Unknown]]></Type><NetBIOSDomainName/><DnsDomainName/><UPN/></Group><Group><Sid/><SamAccountName><![CDATA[SERVICE]]></SamAccountName><Type><![CDATA[Unknown]]></Type><NetBIOSDomainName/><DnsDomainName/><UPN/></Group><Group><Sid/><SamAccountName><![CDATA[NETWORK SERVICE]]></SamAccountName><Type><![CDATA[Unknown]]></Type><NetBIOSDomainName/><DnsDomainName/><UPN/></Group><Group><Sid/><SamAccountName><![CDATA[LOCAL SERVICE]]></SamAccountName><Type><![CDATA[Unknown]]></Type><NetBIOSDomainName/><DnsDomainName/><UPN/></Group><Group bkp:Source="FromDACL"><Sid><![CDATA[S-1-5-21-1929079627-3951207016-2170339687-1000]]></Sid><SamAccountName><![CDATA[vagrant]]></SamAccountName><Type><![CDATA[User]]></Type><NetBIOSDomainName><![CDATA[SEVENKINGDOMS]]></NetBIOSDomainName><DnsDomainName><![CDATA[sevenkingdoms.local]]></DnsDomainName><UPN><![CDATA[vagrant@sevenkingdoms.local]]></UPN></Group><Group bkp:Source="FromDACL"><Sid><![CDATA[S-1-5-21-1929079627-3951207016-2170339687-519]]></Sid><SamAccountName><![CDATA[Enterprise Admins]]></SamAccountName><Type><![CDATA[UniversalGroup]]></Type><NetBIOSDomainName><![CDATA[SEVENKINGDOMS]]></NetBIOSDomainName><DnsDomainName><![CDATA[sevenkingdoms.local]]></DnsDomainName><UPN><![CDATA[Enterprise Admins@sevenkingdoms.local]]></UPN></Group><Group bkp:Source="FromDACL"><Sid><![CDATA[S-1-5-21-1929079627-3951207016-2170339687-512]]></Sid><SamAccountName><![CDATA[Domain Admins]]></SamAccountName><Type><![CDATA[GlobalGroup]]></Type><NetBIOSDomainName><![CDATA[SEVENKINGDOMS]]></NetBIOSDomainName><DnsDomainName><![CDATA[sevenkingdoms.local]]></DnsDomainName><UPN><![CDATA[Domain Admins@sevenkingdoms.local]]></UPN></Group></SecurityGroups><FilePaths/><GroupPolicyCoreSettings><ID><![CDATA[{9DCDDB58-715E-447F-B1AE-451FEA00734B}]]></ID><Domain><![CDATA[sevenkingdoms.local]]></Domain><SecurityDescriptor>01 00 04 9c 00 00 00 00 00 00 00 00 00 00 00 00 14 00 00 00 04 00 ec 00 08 00 00 00 05 02 28 00 00 01 00 00 01 00 00 00 8f fd ac ed b3 ff d1 11 b4 1d 00 a0 c9 68 f9 39 01 01 00 00 00 00 00 05 0b 00 00 00 00 00 24 00 ff 00 0f 00 01 05 00 00 00 00 00 05 15 00 00 00 4b 6b fb 72 68 a2 82 eb 67 c1 5c 81 e8 03 00 00 00 02 24 00 ff 00 0f 00 01 05 00 00 00 00 00 05 15 00 00 00 4b 6b fb 72 68 a2 82 eb 67 c1 5c 81 00 02 00 00 00 02 24 00 ff 00 0f 00 01 05 00 00 00 00 00 05 15 00 00 00 4b 6b fb 72 68 a2 82 eb 67 c1 5c 81 07 02 00 00 00 02 14 00 94 00 02 00 01 01 00 00 00 00 00 05 09 00 00 00 00 02 14 00 94 00 02 00 01 01 00 00 00 00 00 05 0b 00 00 00 00 02 14 00 ff 00 0f 00 01 01 00 00 00 00 00 05 12 00 00 00 00 0a 14 00 ff 00 0f 00 01 01 00 00 00 00 00 03 00 00 00 00</SecurityDescriptor><DisplayName><![CDATA[CIS_HackConRD2025_v2]]></DisplayName><Options><![CDATA[0]]></Options><UserVersionNumber><![CDATA[65537]]></UserVersionNumber><MachineVersionNumber><![CDATA[2949165]]></MachineVersionNumber><MachineExtensionGuids><![CDATA[[{00000000-0000-0000-0000-000000000000}{BEE07A6A-EC9F-4659-B8C9-0B1937907C83}][{35378EAC-683F-11D2-A89A-00C04FBBCFA2}{0F6B957D-509E-11D1-A7CC-0000F87571E3}{53D6AB1B-2488-11D1-A28C-00C04FB94F17}{53D6AB1D-2488-11D1-A28C-00C04FB94F17}{D02B1F72-3407-48AE-BA88-E8213C6761F1}][{827D319E-6EAC-11D2-A4EA-00C04F79F83A}{803E14A0-B4FB-11D0-A0D0-00A0C90F574B}][{B087BE9D-ED37-454F-AF9C-04291E351182}{BEE07A6A-EC9F-4659-B8C9-0B1937907C83}][{B1BE8D72-6EAC-11D2-A4EA-00C04F79F83A}{53D6AB1B-2488-11D1-A28C-00C04FB94F17}][{F3CCC681-B74C-4060-9F26-CD84525DCA2A}{0F3F3735-573D-9804-99E4-AB2A69BA5FD4}]]]></MachineExtensionGuids><UserExtensionGuids><![CDATA[[{3060E8D0-7020-11D2-842D-00C04FA372D4}{3060E8CE-7020-11D2-842D-00C04FA372D4}][{35378EAC-683F-11D2-A89A-00C04FBBCFA2}{0F6B957E-509E-11D1-A7CC-0000F87571E3}{D02B1F73-3407-48AE-BA88-E8213C6761F1}][{42B5FAAE-6536-11D2-AE5A-0000F87571E3}{40B66650-4972-11D1-A7CA-0000F87571E3}][{A2E30F80-D7DE-11D2-BBDE-00C04F86AE3B}{FC715823-C5FB-11D1-9EEF-00A0C90347FF}]]]></UserExtensionGuids><WMIFilter/></GroupPolicyCoreSettings> 
        <GroupPolicyExtension bkp:ID="{35378EAC-683F-11D2-A89A-00C04FBBCFA2}" bkp:DescName="Registry">
            <FSObjectFile bkp:Path="%GPO_MACH_FSPATH%\registry.pol" bkp:SourceExpandedPath="\\kingslanding.sevenkingdoms.local\sysvol\sevenkingdoms.local\Policies\{9DCDDB58-715E-447F-B1AE-451FEA00734B}\Machine\registry.pol" bkp:Location="DomainSysvol\GPO\Machine\registry.pol"/>
            <FSObjectFile bkp:Path="%GPO_USER_FSPATH%\registry.pol" bkp:SourceExpandedPath="\\kingslanding.sevenkingdoms.local\sysvol\sevenkingdoms.local\Policies\{9DCDDB58-715E-447F-B1AE-451FEA00734B}\User\registry.pol" bkp:Location="DomainSysvol\GPO\User\registry.pol"/>
            <FSObjectFile bkp:Path="%GPO_FSPATH%\Adm\*.*" bkp:SourceExpandedPath="\\kingslanding.sevenkingdoms.local\sysvol\sevenkingdoms.local\Policies\{9DCDDB58-715E-447F-B1AE-451FEA00734B}\Adm\*.*"><FSObjectFile bkp:Path="%GPO_FSPATH%\Adm\wuau.adm" bkp:SourceExpandedPath="\\kingslanding.sevenkingdoms.local\sysvol\sevenkingdoms.local\Policies\{9DCDDB58-715E-447F-B1AE-451FEA00734B}\Adm\wuau.adm" bkp:Location="DomainSysvol\GPO\Adm\wuau.adm"/><FSObjectFile bkp:Path="%GPO_FSPATH%\Adm\wmplayer.adm" bkp:SourceExpandedPath="\\kingslanding.sevenkingdoms.local\sysvol\sevenkingdoms.local\Policies\{9DCDDB58-715E-447F-B1AE-451FEA00734B}\Adm\wmplayer.adm" bkp:Location="DomainSysvol\GPO\Adm\wmplayer.adm"/><FSObjectFile bkp:Path="%GPO_FSPATH%\Adm\system.adm" bkp:SourceExpandedPath="\\kingslanding.sevenkingdoms.local\sysvol\sevenkingdoms.local\Policies\{9DCDDB58-715E-447F-B1AE-451FEA00734B}\Adm\system.adm" bkp:Location="DomainSysvol\GPO\Adm\system.adm"/><FSObjectFile bkp:Path="%GPO_FSPATH%\Adm\outlk14.adm" bkp:SourceExpandedPath="\\kingslanding.sevenkingdoms.local\sysvol\sevenkingdoms.local\Policies\{9DCDDB58-715E-447F-B1AE-451FEA00734B}\Adm\outlk14.adm" bkp:Location="DomainSysvol\GPO\Adm\outlk14.adm"/><FSObjectFile bkp:Path="%GPO_FSPATH%\Adm\outlk14-junkemailtrigger.adm" bkp:SourceExpandedPath="\\kingslanding.sevenkingdoms.local\sysvol\sevenkingdoms.local\Policies\{9DCDDB58-715E-447F-B1AE-451FEA00734B}\Adm\outlk14-junkemailtrigger.adm" bkp:Location="DomainSysvol\GPO\Adm\outlk14-junkemailtrigger.adm"/><FSObjectFile bkp:Path="%GPO_FSPATH%\Adm\outlk12.adm" bkp:SourceExpandedPath="\\kingslanding.sevenkingdoms.local\sysvol\sevenkingdoms.local\Policies\{9DCDDB58-715E-447F-B1AE-451FEA00734B}\Adm\outlk12.adm" bkp:Location="DomainSysvol\GPO\Adm\outlk12.adm"/><FSObjectFile bkp:Path="%GPO_FSPATH%\Adm\outlk12-junkemailtrigger.adm" bkp:SourceExpandedPath="\\kingslanding.sevenkingdoms.local\sysvol\sevenkingdoms.local\Policies\{9DCDDB58-715E-447F-B1AE-451FEA00734B}\Adm\outlk12-junkemailtrigger.adm" bkp:Location="DomainSysvol\GPO\Adm\outlk12-junkemailtrigger.adm"/><FSObjectFile bkp:Path="%GPO_FSPATH%\Adm\outlk11.adm" bkp:SourceExpandedPath="\\kingslanding.sevenkingdoms.local\sysvol\sevenkingdoms.local\Policies\{9DCDDB58-715E-447F-B1AE-451FEA00734B}\Adm\outlk11.adm" bkp:Location="DomainSysvol\GPO\Adm\outlk11.adm"/><FSObjectFile bkp:Path="%GPO_FSPATH%\Adm\outlk11-junkemailtrigger.adm" bkp:SourceExpandedPath="\\kingslanding.sevenkingdoms.local\sysvol\sevenkingdoms.local\Policies\{9DCDDB58-715E-447F-B1AE-451FEA00734B}\Adm\outlk11-junkemailtrigger.adm" bkp:Location="DomainSysvol\GPO\Adm\outlk11-junkemailtrigger.adm"/><FSObjectFile bkp:Path="%GPO_FSPATH%\Adm\inetres.adm" bkp:SourceExpandedPath="\\kingslanding.sevenkingdoms.local\sysvol\sevenkingdoms.local\Policies\{9DCDDB58-715E-447F-B1AE-451FEA00734B}\Adm\inetres.adm" bkp:Location="DomainSysvol\GPO\Adm\inetres.adm"/><FSObjectFile bkp:Path="%GPO_FSPATH%\Adm\conf.adm" bkp:SourceExpandedPath="\\kingslanding.sevenkingdoms.local\sysvol\sevenkingdoms.local\Policies\{9DCDDB58-715E-447F-B1AE-451FEA00734B}\Adm\conf.adm" bkp:Location="DomainSysvol\GPO\Adm\conf.adm"/><FSObjectFile bkp:Path="%GPO_FSPATH%\Adm\admfiles.ini" bkp:SourceExpandedPath="\\kingslanding.sevenkingdoms.local\sysvol\sevenkingdoms.local\Policies\{9DCDDB58-715E-447F-B1AE-451FEA00734B}\Adm\admfiles.ini" bkp:Location="DomainSysvol\GPO\Adm\admfiles.ini"/></FSObjectFile>
        </GroupPolicyExtension>
        <GroupPolicyExtension bkp:ID="{3060E8D0-7020-11D2-842D-00C04FA372D4}" bkp:DescName="Remote Installion">
            <FSObjectFile bkp:Path="%GPO_USER_FSPATH%\Microsoft\RemoteInstall\oscfilter.ini" bkp:SourceExpandedPath="\\kingslanding.sevenkingdoms.local\sysvol\sevenkingdoms.local\Policies\{9DCDDB58-715E-447F-B1AE-451FEA00734B}\User\Microsoft\RemoteInstall\oscfilter.ini" bkp:Location="DomainSysvol\GPO\User\Microsoft\RemoteInstall\oscfilter.ini"/>
        </GroupPolicyExtension>
        
        <GroupPolicyExtension bkp:ID="{42B5FAAE-6536-11d2-AE5A-0000F87571E3}" bkp:DescName="Scripts">
            <FSObjectFile bkp:Path="%GPO_MACH_FSPATH%\Scripts\scripts.ini" bkp:SourceExpandedPath="\\kingslanding.sevenkingdoms.local\sysvol\sevenkingdoms.local\Policies\{9DCDDB58-715E-447F-B1AE-451FEA00734B}\Machine\Scripts\scripts.ini" bkp:ReEvaluateFunction="ScriptsValidatePaths" bkp:Location="DomainSysvol\GPO\Machine\Scripts\scripts.ini"/>
	    
            <FSObjectDir bkp:Path="%GPO_MACH_FSPATH%\Scripts\Startup\*" bkp:SourceExpandedPath="\\kingslanding.sevenkingdoms.local\sysvol\sevenkingdoms.local\Policies\{9DCDDB58-715E-447F-B1AE-451FEA00734B}\Machine\Scripts\Startup\*"><FSObjectDir bkp:Path="%GPO_MACH_FSPATH%\Scripts\Startup" bkp:SourceExpandedPath="\\kingslanding.sevenkingdoms.local\sysvol\sevenkingdoms.local\Policies\{9DCDDB58-715E-447F-B1AE-451FEA00734B}\Machine\Scripts\Startup" bkp:Location="DomainSysvol\GPO\Machine\Scripts\Startup"/></FSObjectDir>
            <FSObjectFile bkp:Path="%GPO_MACH_FSPATH%\Scripts\Startup\*" bkp:SourceExpandedPath="\\kingslanding.sevenkingdoms.local\sysvol\sevenkingdoms.local\Policies\{9DCDDB58-715E-447F-B1AE-451FEA00734B}\Machine\Scripts\Startup\*"><FSObjectFile bkp:Path="%GPO_MACH_FSPATH%\Scripts\Startup\script.bat" bkp:SourceExpandedPath="\\kingslanding.sevenkingdoms.local\sysvol\sevenkingdoms.local\Policies\{9DCDDB58-715E-447F-B1AE-451FEA00734B}\Machine\Scripts\Startup\script.bat" bkp:Location="DomainSysvol\GPO\Machine\Scripts\Startup\script.bat"/><FSObjectFile bkp:Path="%GPO_MACH_FSPATH%\Scripts\Startup\prueba.vbs" bkp:SourceExpandedPath="\\kingslanding.sevenkingdoms.local\sysvol\sevenkingdoms.local\Policies\{9DCDDB58-715E-447F-B1AE-451FEA00734B}\Machine\Scripts\Startup\prueba.vbs" bkp:Location="DomainSysvol\GPO\Machine\Scripts\Startup\prueba.vbs"/></FSObjectFile>
            <FSObjectDir bkp:Path="%GPO_MACH_FSPATH%\Scripts\Shutdown\*" bkp:SourceExpandedPath="\\kingslanding.sevenkingdoms.local\sysvol\sevenkingdoms.local\Policies\{9DCDDB58-715E-447F-B1AE-451FEA00734B}\Machine\Scripts\Shutdown\*"><FSObjectDir bkp:Path="%GPO_MACH_FSPATH%\Scripts\Shutdown" bkp:SourceExpandedPath="\\kingslanding.sevenkingdoms.local\sysvol\sevenkingdoms.local\Policies\{9DCDDB58-715E-447F-B1AE-451FEA00734B}\Machine\Scripts\Shutdown" bkp:Location="DomainSysvol\GPO\Machine\Scripts\Shutdown"/></FSObjectDir>
            <FSObjectFile bkp:Path="%GPO_MACH_FSPATH%\Scripts\Shutdown\*" bkp:SourceExpandedPath="\\kingslanding.sevenkingdoms.local\sysvol\sevenkingdoms.local\Policies\{9DCDDB58-715E-447F-B1AE-451FEA00734B}\Machine\Scripts\Shutdown\*"/>
            <FSObjectFile bkp:Path="%GPO_USER_FSPATH%\Scripts\scripts.ini" bkp:SourceExpandedPath="\\kingslanding.sevenkingdoms.local\sysvol\sevenkingdoms.local\Policies\{9DCDDB58-715E-447F-B1AE-451FEA00734B}\User\Scripts\scripts.ini" bkp:ReEvaluateFunction="ScriptsValidatePaths" bkp:Location="DomainSysvol\GPO\User\Scripts\scripts.ini"/>
	    <FSObjectFile bkp:Path="%GPO_USER_FSPATH%\Scripts\PSscripts.ini" bkp:SourceExpandedPath="\\kingslanding.sevenkingdoms.local\sysvol\sevenkingdoms.local\Policies\{9DCDDB58-715E-447F-B1AE-451FEA00734B}\User\Scripts\PSscripts.ini" bkp:Location="DomainSysvol\GPO\User\Scripts\PSscripts.ini"/>
            <FSObjectDir bkp:Path="%GPO_USER_FSPATH%\Scripts\Logon\*" bkp:SourceExpandedPath="\\kingslanding.sevenkingdoms.local\sysvol\sevenkingdoms.local\Policies\{9DCDDB58-715E-447F-B1AE-451FEA00734B}\User\Scripts\Logon\*"><FSObjectDir bkp:Path="%GPO_USER_FSPATH%\Scripts\Logon" bkp:SourceExpandedPath="\\kingslanding.sevenkingdoms.local\sysvol\sevenkingdoms.local\Policies\{9DCDDB58-715E-447F-B1AE-451FEA00734B}\User\Scripts\Logon" bkp:Location="DomainSysvol\GPO\User\Scripts\Logon"/></FSObjectDir>
            <FSObjectFile bkp:Path="%GPO_USER_FSPATH%\Scripts\Logon\*" bkp:SourceExpandedPath="\\kingslanding.sevenkingdoms.local\sysvol\sevenkingdoms.local\Policies\{9DCDDB58-715E-447F-B1AE-451FEA00734B}\User\Scripts\Logon\*"><FSObjectFile bkp:Path="%GPO_USER_FSPATH%\Scripts\Logon\script.bat" bkp:SourceExpandedPath="\\kingslanding.sevenkingdoms.local\sysvol\sevenkingdoms.local\Policies\{9DCDDB58-715E-447F-B1AE-451FEA00734B}\User\Scripts\Logon\script.bat" bkp:Location="DomainSysvol\GPO\User\Scripts\Logon\script.bat"/></FSObjectFile>
            <FSObjectDir bkp:Path="%GPO_USER_FSPATH%\Scripts\Logoff\*" bkp:SourceExpandedPath="\\kingslanding.sevenkingdoms.local\sysvol\sevenkingdoms.local\Policies\{9DCDDB58-715E-447F-B1AE-451FEA00734B}\User\Scripts\Logoff\*"><FSObjectDir bkp:Path="%GPO_USER_FSPATH%\Scripts\Logoff" bkp:SourceExpandedPath="\\kingslanding.sevenkingdoms.local\sysvol\sevenkingdoms.local\Policies\{9DCDDB58-715E-447F-B1AE-451FEA00734B}\User\Scripts\Logoff" bkp:Location="DomainSysvol\GPO\User\Scripts\Logoff"/></FSObjectDir>
            <FSObjectFile bkp:Path="%GPO_USER_FSPATH%\Scripts\Logoff\*" bkp:SourceExpandedPath="\\kingslanding.sevenkingdoms.local\sysvol\sevenkingdoms.local\Policies\{9DCDDB58-715E-447F-B1AE-451FEA00734B}\User\Scripts\Logoff\*"/>
        </GroupPolicyExtension>
        <GroupPolicyExtension bkp:ID="{A2E30F80-D7DE-11d2-BBDE-00C04F86AE3B}" bkp:DescName="Internet Explorer Branding">
            <FSObjectDir bkp:Path="%GPO_USER_FSPATH%\microsoft\IEAK\*" bkp:SourceExpandedPath="\\kingslanding.sevenkingdoms.local\sysvol\sevenkingdoms.local\Policies\{9DCDDB58-715E-447F-B1AE-451FEA00734B}\User\microsoft\IEAK\*"><FSObjectDir bkp:Path="%GPO_USER_FSPATH%\microsoft\IEAK" bkp:SourceExpandedPath="\\kingslanding.sevenkingdoms.local\sysvol\sevenkingdoms.local\Policies\{9DCDDB58-715E-447F-B1AE-451FEA00734B}\User\microsoft\IEAK" bkp:Location="DomainSysvol\GPO\User\microsoft\IEAK"/><FSObjectDir bkp:Path="%GPO_USER_FSPATH%\microsoft\IEAK\LOCK" bkp:SourceExpandedPath="\\kingslanding.sevenkingdoms.local\sysvol\sevenkingdoms.local\Policies\{9DCDDB58-715E-447F-B1AE-451FEA00734B}\User\microsoft\IEAK\LOCK" bkp:Location="DomainSysvol\GPO\User\microsoft\IEAK\LOCK"/></FSObjectDir>
            <FSObjectFile bkp:Path="%GPO_USER_FSPATH%\microsoft\IEAK\*.*" bkp:SourceExpandedPath="\\kingslanding.sevenkingdoms.local\sysvol\sevenkingdoms.local\Policies\{9DCDDB58-715E-447F-B1AE-451FEA00734B}\User\microsoft\IEAK\*.*"/>
        </GroupPolicyExtension>
        <GroupPolicyExtension bkp:ID="{827D319E-6EAC-11D2-A4EA-00C04F79F83A}" bkp:DescName="Security">
            <FSObjectFile bkp:Path="%GPO_MACH_FSPATH%\microsoft\windows nt\SecEdit\GptTmpl.inf" bkp:SourceExpandedPath="\\kingslanding.sevenkingdoms.local\sysvol\sevenkingdoms.local\Policies\{9DCDDB58-715E-447F-B1AE-451FEA00734B}\Machine\microsoft\windows nt\SecEdit\GptTmpl.inf" bkp:ReEvaluateFunction="SecurityValidateSettings" bkp:Location="DomainSysvol\GPO\Machine\microsoft\windows nt\SecEdit\GptTmpl.inf"/>
        </GroupPolicyExtension>
        
        
        
        
    <GroupPolicyExtension bkp:ID="{F15C46CD-82A0-4C2D-A210-5D0D3182A418}" bkp:DescName="Unknown Extension"><FSObjectDir bkp:Path="%GPO_FSPATH%\Adm" bkp:SourceExpandedPath="\\kingslanding.sevenkingdoms.local\sysvol\sevenkingdoms.local\Policies\{9DCDDB58-715E-447F-B1AE-451FEA00734B}\Adm" bkp:Location="DomainSysvol\GPO\Adm"/><FSObjectDir bkp:Path="%GPO_MACH_FSPATH%\Applications" bkp:SourceExpandedPath="\\kingslanding.sevenkingdoms.local\sysvol\sevenkingdoms.local\Policies\{9DCDDB58-715E-447F-B1AE-451FEA00734B}\Machine\Applications" bkp:Location="DomainSysvol\GPO\Machine\Applications"/><FSObjectFile bkp:Path="%GPO_MACH_FSPATH%\comment.cmtx" bkp:SourceExpandedPath="\\kingslanding.sevenkingdoms.local\sysvol\sevenkingdoms.local\Policies\{9DCDDB58-715E-447F-B1AE-451FEA00734B}\Machine\comment.cmtx" bkp:Location="DomainSysvol\GPO\Machine\comment.cmtx"/><FSObjectDir bkp:Path="%GPO_MACH_FSPATH%\microsoft" bkp:SourceExpandedPath="\\kingslanding.sevenkingdoms.local\sysvol\sevenkingdoms.local\Policies\{9DCDDB58-715E-447F-B1AE-451FEA00734B}\Machine\microsoft" bkp:Location="DomainSysvol\GPO\Machine\microsoft"/><FSObjectDir bkp:Path="%GPO_MACH_FSPATH%\microsoft\windows nt" bkp:SourceExpandedPath="\\kingslanding.sevenkingdoms.local\sysvol\sevenkingdoms.local\Policies\{9DCDDB58-715E-447F-B1AE-451FEA00734B}\Machine\microsoft\windows nt" bkp:Location="DomainSysvol\GPO\Machine\microsoft\windows nt"/><FSObjectDir bkp:Path="%GPO_MACH_FSPATH%\microsoft\windows nt\Audit" bkp:SourceExpandedPath="\\kingslanding.sevenkingdoms.local\sysvol\sevenkingdoms.local\Policies\{9DCDDB58-715E-447F-B1AE-451FEA00734B}\Machine\microsoft\windows nt\Audit" bkp:Location="DomainSysvol\GPO\Machine\microsoft\windows nt\Audit"/><FSObjectFile bkp:Path="%GPO_MACH_FSPATH%\microsoft\windows nt\Audit\audit.csv" bkp:SourceExpandedPath="\\kingslanding.sevenkingdoms.local\sysvol\sevenkingdoms.local\Policies\{9DCDDB58-715E-447F-B1AE-451FEA00734B}\Machine\microsoft\windows nt\Audit\audit.csv" bkp:Location="DomainSysvol\GPO\Machine\microsoft\windows nt\Audit\audit.csv"/><FSObjectDir bkp:Path="%GPO_MACH_FSPATH%\microsoft\windows nt\SecEdit" bkp:SourceExpandedPath="\\kingslanding.sevenkingdoms.local\sysvol\sevenkingdoms.local\Policies\{9DCDDB58-715E-447F-B1AE-451FEA00734B}\Machine\microsoft\windows nt\SecEdit" bkp:Location="DomainSysvol\GPO\Machine\microsoft\windows nt\SecEdit"/><FSObjectDir bkp:Path="%GPO_MACH_FSPATH%\Preferences" bkp:SourceExpandedPath="\\kingslanding.sevenkingdoms.local\sysvol\sevenkingdoms.local\Policies\{9DCDDB58-715E-447F-B1AE-451FEA00734B}\Machine\Preferences" bkp:Location="DomainSysvol\GPO\Machine\Preferences"/><FSObjectDir bkp:Path="%GPO_MACH_FSPATH%\Preferences\Registry" bkp:SourceExpandedPath="\\kingslanding.sevenkingdoms.local\sysvol\sevenkingdoms.local\Policies\{9DCDDB58-715E-447F-B1AE-451FEA00734B}\Machine\Preferences\Registry" bkp:Location="DomainSysvol\GPO\Machine\Preferences\Registry"/><FSObjectFile bkp:Path="%GPO_MACH_FSPATH%\Preferences\Registry\Registry.xml" bkp:SourceExpandedPath="\\kingslanding.sevenkingdoms.local\sysvol\sevenkingdoms.local\Policies\{9DCDDB58-715E-447F-B1AE-451FEA00734B}\Machine\Preferences\Registry\Registry.xml" bkp:Location="DomainSysvol\GPO\Machine\Preferences\Registry\Registry.xml"/><FSObjectDir bkp:Path="%GPO_MACH_FSPATH%\Scripts" bkp:SourceExpandedPath="\\kingslanding.sevenkingdoms.local\sysvol\sevenkingdoms.local\Policies\{9DCDDB58-715E-447F-B1AE-451FEA00734B}\Machine\Scripts" bkp:Location="DomainSysvol\GPO\Machine\Scripts"/><FSObjectDir bkp:Path="%GPO_USER_FSPATH%\Applications" bkp:SourceExpandedPath="\\kingslanding.sevenkingdoms.local\sysvol\sevenkingdoms.local\Policies\{9DCDDB58-715E-447F-B1AE-451FEA00734B}\User\Applications" bkp:Location="DomainSysvol\GPO\User\Applications"/><FSObjectFile bkp:Path="%GPO_USER_FSPATH%\comment.cmtx" bkp:SourceExpandedPath="\\kingslanding.sevenkingdoms.local\sysvol\sevenkingdoms.local\Policies\{9DCDDB58-715E-447F-B1AE-451FEA00734B}\User\comment.cmtx" bkp:Location="DomainSysvol\GPO\User\comment.cmtx"/><FSObjectDir bkp:Path="%GPO_USER_FSPATH%\Documents &amp; Settings" bkp:SourceExpandedPath="\\kingslanding.sevenkingdoms.local\sysvol\sevenkingdoms.local\Policies\{9DCDDB58-715E-447F-B1AE-451FEA00734B}\User\Documents &amp; Settings" bkp:Location="DomainSysvol\GPO\User\Documents &amp; Settings"/><FSObjectFile bkp:Path="%GPO_USER_FSPATH%\Documents &amp; Settings\fdeploy.ini" bkp:SourceExpandedPath="\\kingslanding.sevenkingdoms.local\sysvol\sevenkingdoms.local\Policies\{9DCDDB58-715E-447F-B1AE-451FEA00734B}\User\Documents &amp; Settings\fdeploy.ini" bkp:Location="DomainSysvol\GPO\User\Documents &amp; Settings\fdeploy.ini"/><FSObjectDir bkp:Path="%GPO_USER_FSPATH%\Microsoft" bkp:SourceExpandedPath="\\kingslanding.sevenkingdoms.local\sysvol\sevenkingdoms.local\Policies\{9DCDDB58-715E-447F-B1AE-451FEA00734B}\User\Microsoft" bkp:Location="DomainSysvol\GPO\User\Microsoft"/><FSObjectDir bkp:Path="%GPO_USER_FSPATH%\Microsoft\RemoteInstall" bkp:SourceExpandedPath="\\kingslanding.sevenkingdoms.local\sysvol\sevenkingdoms.local\Policies\{9DCDDB58-715E-447F-B1AE-451FEA00734B}\User\Microsoft\RemoteInstall" bkp:Location="DomainSysvol\GPO\User\Microsoft\RemoteInstall"/><FSObjectDir bkp:Path="%GPO_USER_FSPATH%\Scripts" bkp:SourceExpandedPath="\\kingslanding.sevenkingdoms.local\sysvol\sevenkingdoms.local\Policies\{9DCDDB58-715E-447F-B1AE-451FEA00734B}\User\Scripts" bkp:Location="DomainSysvol\GPO\User\Scripts"/></GroupPolicyExtension></GroupPolicyObject>
</GroupPolicyBackupScheme>