<BackupInst xmlns="http://www.microsoft.com/GroupPolicy/GPOOperations/Manifest"><GPOGuid><![CDATA[{9DCDDB58-715E-447F-B1AE-451FEA00734B}]]></GPOGuid><GPODomain><![CDATA[sevenkingdoms.local]]></GPODomain><GPODomainGuid><![CDATA[{ad9c0cb2-dc2d-4be8-9bd1-b2fe6d5ca3f0}]]></GPODomainGuid><GPODomainController><![CDATA[kingslanding.sevenkingdoms.local]]></GPODomainController><BackupTime><![CDATA[2025-03-19T01:03:37]]></BackupTime><ID><![CDATA[{0DD78D50-D2B3-4EAB-8DEA-11B613689535}]]></ID><Comment><![CDATA[]]></Comment><GPODisplayName><![CDATA[CIS_HackConRD2025_v2]]></GPODisplayName></BackupInst>
