<?xml version="1.0" encoding="utf-8"?>
<RegistrySettings clsid="{A3CCFC41-DFDB-43a5-8D26-0FE8B954DA51}"><Registry clsid="{9CD4B2F4-923D-47f5-A062-E897DD1DAD50}" name="DependOnService" status="DependOnService" image="6" changed="2025-02-11 19:51:22" uid="{6DBEB440-59A3-4563-A8B4-3EE32D6179CF}"><Properties action="R" displayDecimal="0" default="0" hive="HKEY_LOCAL_MACHINE" key="SYSTEM\CurrentControlSet\Services\LanmanWorkstation" name="DependOnService" type="REG_MULTI_SZ" value="Bowser MRxSmb20 NSI"><Values><Value>Bowser</Value><Value>MRxSmb20</Value><Value>NSI</Value></Values></Properties></Registry>
	<Registry clsid="{9CD4B2F4-923D-47f5-A062-E897DD1DAD50}" name="SMB1" status="SMB1" image="10" changed="2025-02-11 19:51:51" uid="{EE2FDC14-EA75-4E7D-8791-578E15D38888}"><Properties action="C" displayDecimal="1" default="0" hive="HKEY_LOCAL_MACHINE" key="SYSTEM\CurrentControlSet\Services\LanmanServer\Parameters" name="SMB1" type="REG_DWORD" value="00000000"/></Registry>
	<Registry clsid="{9CD4B2F4-923D-47f5-A062-E897DD1DAD50}" name="Start" status="Start" image="12" changed="2025-02-11 19:52:37" uid="{29D424BE-BB57-49D6-A326-F68E2F158EC7}"><Properties action="U" displayDecimal="1" default="0" hive="HKEY_LOCAL_MACHINE" key="SYSTEM\CurrentControlSet\Services\mrxsmb10" name="Start" type="REG_DWORD" value="00000004"/></Registry>
</RegistrySettings>
